"tweet_db_id";"tweet_actual_id";"tweet_airport_name";"tweet_created_timestamp";"tweet_db_timestamp";"tweet_source_info";"tweet_new";"tweet_desc";"is_tweet_media";"tweet_media_type";"tweet_media_url";"tweet_media_http_url";"tweet_media_text"
37511;980852542002352134;"DubaiAirports";"2018-04-02 18:00:44";"2018-04-02 18:44:06";"<a href=""http://www.hootsuite.com"" rel=""nofollow"">Hootsuite</a>";1;"#DXB is the airport that never sleeps: all food & beverage, retail outlets, services & facilities are open 24/7! https://t.co/gPhkCWHZM5";1;"photo";"http://pbs.twimg.com/media/DZywL0iVwAAKLyC.jpg";"https://pbs.twimg.com/media/DZywL0iVwAAKLyC.jpg";"https://t.co/gPhkCWHZM5"
37512;980802299403603969;"DubaiAirports";"2018-04-02 14:41:05";"2018-04-02 18:44:06";"<a href=""http://twitter.com/download/iphone"" rel=""nofollow"">Twitter for iPhone</a>";1;"Dubai airports values all the efforts made by its service partners and their crucial roles in ensuring that DXB mai… https://t.co/z7ws3acd7e";0;"";"";"";""
37513;980802297281335296;"DubaiAirports";"2018-04-02 14:41:04";"2018-04-02 18:44:06";"<a href=""http://twitter.com/download/iphone"" rel=""nofollow"">Twitter for iPhone</a>";1;"Dubai Airports is also honoured by and appreciative of HH Sheikh Hamdan bin Mohammed bin Rashid Al Maktoum, Crown P… https://t.co/tZHgvrChAk";0;"";"";"";""
37514;980802290822123521;"DubaiAirports";"2018-04-02 14:41:03";"2018-04-02 18:44:06";"<a href=""http://twitter.com/download/iphone"" rel=""nofollow"">Twitter for iPhone</a>";1;"Dubai Airports is honoured to have HH Sheikh Mohammed bin Rashid Al Maktoum, Vice President and Prime Minister of t… https://t.co/pyjuPl9PD3";0;"";"";"";""
37515;980772781892816896;"DubaiAirports";"2018-04-02 12:43:47";"2018-04-02 18:44:06";"<a href=""http://twitter.com"" rel=""nofollow"">Twitter Web Client</a>";1;"Passengers in Terminal 1 got their chocolate fix this Easter thanks to Dubai Duty Free and Patchi! #HappyEaster https://t.co/dQpGQEv4dd";1;"photo";"http://pbs.twimg.com/media/DZxnemhX0AAiQCO.jpg";"https://pbs.twimg.com/media/DZxnemhX0AAiQCO.jpg";"https://t.co/dQpGQEv4dd"
37516;980726445382291456;"DubaiAirports";"2018-04-02 09:39:40";"2018-04-02 18:44:06";"<a href=""http://twitter.com"" rel=""nofollow"">Twitter Web Client</a>";1;"To mark #AutismAwarenessDay2018, Dubai Airports joins in supporting the cause to empower children with #Autism.… https://t.co/txQ7cxx4Ar";0;"";"";"";""
37517;980672444448104449;"DubaiAirports";"2018-04-02 06:05:05";"2018-04-02 18:44:06";"<a href=""http://www.hootsuite.com"" rel=""nofollow"">Hootsuite</a>";1;"Need currency for your trip? Reserve today’s rate and collect when you arrive at DXB! https://t.co/VDVTrbHKlg https://t.co/YYw2pituSg";1;"photo";"http://pbs.twimg.com/media/DZwMY-TU0AUUBO6.jpg";"https://pbs.twimg.com/media/DZwMY-TU0AUUBO6.jpg";"https://t.co/YYw2pituSg"
37518;980490265445232640;"DubaiAirports";"2018-04-01 18:01:10";"2018-04-02 18:44:06";"<a href=""http://www.hootsuite.com"" rel=""nofollow"">Hootsuite</a>";1;"Need to hire a car when you land in Dubai? You can now find seven car rental brands in Terminal 3 Arrivals, all off… https://t.co/Gbgjg6nThL";0;"";"";"";""
37519;980350736260321280;"DubaiAirports";"2018-04-01 08:46:44";"2018-04-02 18:44:06";"<a href=""http://twitter.com"" rel=""nofollow"">Twitter Web Client</a>";1;"Happy Easter! Here are three ways to enjoy it at DXB https://t.co/NMvbjG6EsY";1;"photo";"http://pbs.twimg.com/ext_tw_video_thumb/980349987006623744/pu/img/vjqvGJTHJMeX-waF.jpg";"https://pbs.twimg.com/ext_tw_video_thumb/980349987006623744/pu/img/vjqvGJTHJMeX-waF.jpg";"https://t.co/NMvbjG6EsY"
37520;980308884609994752;"DubaiAirports";"2018-04-01 06:00:26";"2018-04-02 18:44:06";"<a href=""http://www.hootsuite.com"" rel=""nofollow"">Hootsuite</a>";1;"Here's something that big and little kids will absolutely adore, like the amazing #Bounce trampoline park in Termin… https://t.co/4elVYYnjTL";0;"";"";"";""
37521;980127886899339270;"DubaiAirports";"2018-03-31 18:01:12";"2018-04-02 18:44:06";"<a href=""http://www.hootsuite.com"" rel=""nofollow"">Hootsuite</a>";1;"Find your inner zen with a treatment at  @XpresSpa in Terminal 3 https://t.co/0w07Ii6gUP https://t.co/dJnNJrgBqU";1;"photo";"http://pbs.twimg.com/media/DZodHgDWsAAkCfV.jpg";"https://pbs.twimg.com/media/DZodHgDWsAAkCfV.jpg";"https://t.co/dJnNJrgBqU"
37522;979946504294223872;"DubaiAirports";"2018-03-31 06:00:27";"2018-04-02 18:44:06";"<a href=""http://www.hootsuite.com"" rel=""nofollow"">Hootsuite</a>";1;"Glam up for your holiday with the latest #No7 products, now available at Boots in DXB! https://t.co/JsFGs0McjT https://t.co/OrxQRgMPDv";1;"photo";"http://pbs.twimg.com/media/DZl4JqVX0AEgNyP.jpg";"https://pbs.twimg.com/media/DZl4JqVX0AEgNyP.jpg";"https://t.co/OrxQRgMPDv"
37523;979765605967581185;"DubaiAirports";"2018-03-30 18:01:38";"2018-04-02 18:44:06";"<a href=""http://www.hootsuite.com"" rel=""nofollow"">Hootsuite</a>";1;"Movie fans rejoice! At DXB you can now enjoy free films & TV shows before your flight with @icflix! ??More info:… https://t.co/uAst86i7WF";0;"";"";"";""
37524;979584144563941381;"DubaiAirports";"2018-03-30 06:00:34";"2018-04-02 18:44:06";"<a href=""http://www.hootsuite.com"" rel=""nofollow"">Hootsuite</a>";1;"With XpresSpa's new #henna service, ladies travelling through T3 can get hands-on with a Middle Eastern tradition:… https://t.co/rJl23OFa4f";0;"";"";"";""
37525;979403260623753216;"DubaiAirports";"2018-03-29 18:01:48";"2018-04-02 18:44:06";"<a href=""http://www.hootsuite.com"" rel=""nofollow"">Hootsuite</a>";1;"#DXB is the airport that never sleeps: all food & beverage, retail outlets, services & facilities are open 24/7! https://t.co/uJ2EBYpTPR";1;"photo";"http://pbs.twimg.com/media/DZeKEjZU0AAFBeY.jpg";"https://pbs.twimg.com/media/DZeKEjZU0AAFBeY.jpg";"https://t.co/uJ2EBYpTPR"
37526;979245457867231232;"DubaiAirports";"2018-03-29 07:34:45";"2018-04-02 18:44:06";"<a href=""http://twitter.com"" rel=""nofollow"">Twitter Web Client</a>";1;"Mohammed, a Pakistani visitor who collapsed from a heart attack at the airport, was visited in Rashid Hospital by t… https://t.co/TetB9KRdXU";0;"";"";"";""
37527;979221743436001280;"DubaiAirports";"2018-03-29 06:00:31";"2018-04-02 18:44:06";"<a href=""http://www.hootsuite.com"" rel=""nofollow"">Hootsuite</a>";1;"Liquids and gels should not exceed 100ml each and must be placed in a clear, sealable bag #traveltip https://t.co/7X7lP25qo6";1;"photo";"http://pbs.twimg.com/media/DZbk_AEVwAA52MT.jpg";"https://pbs.twimg.com/media/DZbk_AEVwAA52MT.jpg";"https://t.co/7X7lP25qo6"
37528;979068659917361153;"DubaiAirports";"2018-03-28 19:52:13";"2018-04-02 18:44:06";"<a href=""http://twitter.com/download/iphone"" rel=""nofollow"">Twitter for iPhone</a>";1;"RT @HHShkMohd: شكرا أحمد بن سعيد وشكرا للفريق الأفضل عالميا في إدارة المطارات .. شكرا لفريق مطار دبي الدولي https://t.co/K3KK3H40wC";1;"photo";"http://pbs.twimg.com/media/DZZMfOzX0AIyy_J.jpg";"https://pbs.twimg.com/media/DZZMfOzX0AIyy_J.jpg";"https://t.co/K3KK3H40wC"
37529;979068646633984001;"DubaiAirports";"2018-03-28 19:52:10";"2018-04-02 18:44:06";"<a href=""http://twitter.com/download/iphone"" rel=""nofollow"">Twitter for iPhone</a>";1;"RT @HHShkMohd: مطار دبي الدولي الأول عالميا في حركة المسافرين الدوليين  . حركة يومية ل٢٤٠ الف مسافر يوميا  ، و٨٨ مليون مسافر سنويا . https:…";0;"";"";"";""
37530;979040845688172544;"DubaiAirports";"2018-03-28 18:01:41";"2018-04-02 18:44:06";"<a href=""http://www.hootsuite.com"" rel=""nofollow"">Hootsuite</a>";1;"Open all hours: DXB has a range of pharmacies for your round-the-clock convenience! https://t.co/NGw3t1EytM";1;"photo";"http://pbs.twimg.com/media/DZZAdbEWsAEUveV.jpg";"https://pbs.twimg.com/media/DZZAdbEWsAEUveV.jpg";"https://t.co/NGw3t1EytM"
37531;980763672166522881;"DelhiAirport";"2018-04-02 12:07:35";"2018-04-02 18:44:06";"<a href=""http://sproutsocial.com"" rel=""nofollow"">Sprout Social</a>";1;"@supriya_baghel We're so glad!
Welcome to Delhi. Hope you have a nice time. See you soon!";0;"";"";"";""
37532;980762946123988994;"DelhiAirport";"2018-04-02 12:04:42";"2018-04-02 18:44:06";"<a href=""http://sproutsocial.com"" rel=""nofollow"">Sprout Social</a>";1;"@ipraween We are trying to be as quiet as possible. In most cases announcements are not required. However, airlines… https://t.co/1P78UvEwjJ";0;"";"";"";""
37533;980737515719155712;"DelhiAirport";"2018-04-02 10:23:39";"2018-04-02 18:44:06";"<a href=""http://twitter.com"" rel=""nofollow"">Twitter Web Client</a>";1;"When at T2, indulge yourself with the best. #ShopEatRepeat #DelhiAirport. #ShiftingToT2 
Know more:… https://t.co/Zkr5ZZtkMR";0;"";"";"";""
37534;980426279467081728;"DelhiAirport";"2018-04-01 13:46:55";"2018-04-02 18:44:06";"<a href=""http://twitter.com"" rel=""nofollow"">Twitter Web Client</a>";1;"Oh Odisha! On the auspicious occasion of #UtkalDivas, let’s celebrate the heritage and history of this amazing stat… https://t.co/YaLmJklQDv";0;"";"";"";""
37535;980321290212036608;"DelhiAirport";"2018-04-01 06:49:43";"2018-04-02 18:44:06";"<a href=""http://twitter.com"" rel=""nofollow"">Twitter Web Client</a>";1;"May Easter bring happiness, joy and love into your lives! Wishing everyone a very #HappyEaster. https://t.co/MHVM7oldkw";1;"photo";"http://pbs.twimg.com/media/DZrM8lOX4AAJPyc.jpg";"https://pbs.twimg.com/media/DZrM8lOX4AAJPyc.jpg";"https://t.co/MHVM7oldkw"
37536;980033586970742784;"DelhiAirport";"2018-03-31 11:46:29";"2018-04-02 18:44:06";"<a href=""http://twitter.com"" rel=""nofollow"">Twitter Web Client</a>";1;"Getting details of flights operating from T2 is now just a click away. Visit our official website for all the updat… https://t.co/2phJr4tAam";0;"";"";"";""
37537;979968705995198469;"DelhiAirport";"2018-03-31 07:28:41";"2018-04-02 18:44:06";"<a href=""http://sproutsocial.com"" rel=""nofollow"">Sprout Social</a>";1;"May the divine grace of Lord Hanuman protect you from evil and shower you with blessings. #HanumanJayanti https://t.co/qFjjhl1fUy";1;"photo";"http://pbs.twimg.com/media/DZmMV7HUQAAPSLB.png";"https://pbs.twimg.com/media/DZmMV7HUQAAPSLB.png";"https://t.co/qFjjhl1fUy"
37538;979776580992974848;"DelhiAirport";"2018-03-30 18:45:14";"2018-04-02 18:44:06";"<a href=""http://twitter.com"" rel=""nofollow"">Twitter Web Client</a>";1;"@PriyataB @AAI_Official Thank you for bringing this issue to our notice. We have got this corrected. https://t.co/YNMI1Dnvxs";1;"photo";"http://pbs.twimg.com/media/DZjdlxSVAAISIHG.jpg";"https://pbs.twimg.com/media/DZjdlxSVAAISIHG.jpg";"https://t.co/YNMI1Dnvxs"
37539;979748404300582912;"DelhiAirport";"2018-03-30 16:53:17";"2018-04-02 18:44:06";"<a href=""http://twitter.com"" rel=""nofollow"">Twitter Web Client</a>";1;"Here is your quick directional map to help you reach T2. #ShiftingToT2 
Know more: https://t.co/uat3M4kmN7 https://t.co/p2HcRFYMRH";1;"photo";"http://pbs.twimg.com/media/DZjDt3pXkAI2B2h.jpg";"https://pbs.twimg.com/media/DZjDt3pXkAI2B2h.jpg";"https://t.co/p2HcRFYMRH"
37540;979700494372392960;"DelhiAirport";"2018-03-30 13:42:54";"2018-04-02 18:44:06";"<a href=""http://twitter.com"" rel=""nofollow"">Twitter Web Client</a>";1;"Advisory to the passengers. https://t.co/H7ugjV0HZ3";1;"photo";"http://pbs.twimg.com/media/DZiYLF2WkAA1Z_t.jpg";"https://pbs.twimg.com/media/DZiYLF2WkAA1Z_t.jpg";"https://t.co/H7ugjV0HZ3"
37541;979624553591656448;"DelhiAirport";"2018-03-30 08:41:08";"2018-04-02 18:44:06";"<a href=""http://twitter.com"" rel=""nofollow"">Twitter Web Client</a>";1;"Wishing all our passengers a blessed #GoodFriday. https://t.co/9gQfRYguY2";1;"photo";"http://pbs.twimg.com/media/DZhTOniU0AAInoH.jpg";"https://pbs.twimg.com/media/DZhTOniU0AAInoH.jpg";"https://t.co/9gQfRYguY2"
37542;979588116204879873;"DelhiAirport";"2018-03-30 06:16:21";"2018-04-02 18:44:06";"<a href=""http://sproutsocial.com"" rel=""nofollow"">Sprout Social</a>";1;"@AahitGaba Hi Aahit,
We request you to get in touch or the airlines concerned regarding this matter.";0;"";"";"";""
37543;979423269085499393;"DelhiAirport";"2018-03-29 19:21:18";"2018-04-02 18:44:06";"<a href=""http://twitter.com"" rel=""nofollow"">Twitter Web Client</a>";1;"Statement on Baggage Handling System. https://t.co/nAYASqqBFn";1;"photo";"http://pbs.twimg.com/media/DZecQxgWkAECy63.jpg";"https://pbs.twimg.com/media/DZecQxgWkAECy63.jpg";"https://t.co/nAYASqqBFn"
37544;979401273807171586;"DelhiAirport";"2018-03-29 17:53:54";"2018-04-02 18:44:06";"<a href=""http://twitter.com"" rel=""nofollow"">Twitter Web Client</a>";1;". @SpiceJet has moved partial operations w.e.f. 25th March, 00:001 hrs! If you are flying to these seven destinatio… https://t.co/trZWYPik65";0;"";"";"";""
37545;979309896528269313;"DelhiAirport";"2018-03-29 11:50:48";"2018-04-02 18:44:06";"<a href=""http://twitter.com"" rel=""nofollow"">Twitter Web Client</a>";1;"Let’s walk on the path of enlightenment and embrace Lord Mahavira’s teachings to attain perfect perception, knowled… https://t.co/rtf2vsnOuw";0;"";"";"";""
37546;979299328249552896;"DelhiAirport";"2018-03-29 11:08:49";"2018-04-02 18:44:06";"<a href=""http://sproutsocial.com"" rel=""nofollow"">Sprout Social</a>";1;"@simranjeets591 Hi there! Thank you for your keen interest in joining Delhi Airport. This link might be able to hel… https://t.co/3zgoEg5sHF";0;"";"";"";""
37547;979298464805900290;"DelhiAirport";"2018-03-29 11:05:23";"2018-04-02 18:44:06";"<a href=""http://twitter.com"" rel=""nofollow"">Twitter Web Client</a>";1;"@mfuloria @jayantsinha @PMOIndia Airport is also connected with Delhi Metro networks and encourage its use which is… https://t.co/qrJYoBB5q9";0;"";"";"";""
37548;979298394026991616;"DelhiAirport";"2018-03-29 11:05:06";"2018-04-02 18:44:06";"<a href=""http://twitter.com"" rel=""nofollow"">Twitter Web Client</a>";1;"@mfuloria @jayantsinha @PMOIndia We have introduced free shuttle buses between PTC and T3 which run at a frequency… https://t.co/vfUnTBw7iH";0;"";"";"";""
37549;979298327345975297;"DelhiAirport";"2018-03-29 11:04:50";"2018-04-02 18:44:06";"<a href=""http://twitter.com"" rel=""nofollow"">Twitter Web Client</a>";1;"@mfuloria @jayantsinha @PMOIndia & environment care  and  to address the parking related issues.  We have provided… https://t.co/Xa3bTn8Zmx";0;"";"";"";""
37550;979298280919183366;"DelhiAirport";"2018-03-29 11:04:39";"2018-04-02 18:44:06";"<a href=""http://twitter.com"" rel=""nofollow"">Twitter Web Client</a>";1;"@mfuloria @jayantsinha @PMOIndia In order to serve the passengers and others utilizing Public Transport Services at… https://t.co/gBdQRggFfB";0;"";"";"";""
37551;980846288865505281;"DublinAirport";"2018-04-02 17:35:53";"2018-04-02 18:44:06";"<a href=""http://www.hootsuite.com"" rel=""nofollow"">Hootsuite</a>";1;"@jonathangildea Hi Jonathan, very sorry you had a bad experience can you send details to us at: customerexperience@… https://t.co/mRnaFMvBgu";0;"";"";"";""
37552;980845797548883968;"DublinAirport";"2018-04-02 17:33:56";"2018-04-02 18:44:06";"<a href=""http://www.hootsuite.com"" rel=""nofollow"">Hootsuite</a>";1;"@mcgeebers @pkellypr @WuKelly Hi, passport control is managed and operated by the Irish Naturalisation & Immigratio… https://t.co/jzQTSg0AqO";0;"";"";"";""
37553;980845304219136003;"DublinAirport";"2018-04-02 17:31:58";"2018-04-02 18:44:06";"<a href=""http://www.hootsuite.com"" rel=""nofollow"">Hootsuite</a>";1;"@donnchadholeary Hi Donnchadh, passport control is the responsibility of the Irish Naturalisation & Immigration Ser… https://t.co/2oUtCXWPtl";0;"";"";"";""
37554;980758008841035777;"DublinAirport";"2018-04-02 11:45:05";"2018-04-02 18:44:06";"<a href=""http://twitter.com/download/iphone"" rel=""nofollow"">Twitter for iPhone</a>";1;"Hi @DanMulhall. Thanks for that. The connectivity we facilitate boosts, trade, tourism & FDI in both directions. Cr… https://t.co/pu4fuwdUP9";0;"";"";"";""
37555;980548534746443776;"DublinAirport";"2018-04-01 21:52:43";"2018-04-02 18:44:06";"<a href=""http://www.hootsuite.com"" rel=""nofollow"">Hootsuite</a>";1;"@dubshn1028 @NunoJFSilva Hi Danny, if you could email the details to our customer service team they will follow up… https://t.co/JvA2v5Sye7";0;"";"";"";""
37556;980521114978963457;"DublinAirport";"2018-04-01 20:03:45";"2018-04-02 18:44:06";"<a href=""http://www.hootsuite.com"" rel=""nofollow"">Hootsuite</a>";1;"@NunoJFSilva Sorry to hear this Nuno. We’ll pass on that feedback to INIS (https://t.co/zlhOjUEMm2) which operates… https://t.co/UryWlZwdix";0;"";"";"";""
37557;980390716282155008;"DublinAirport";"2018-04-01 11:25:36";"2018-04-02 18:44:06";"<a href=""http://www.hootsuite.com"" rel=""nofollow"">Hootsuite</a>";1;"@neilirvine Hi Neil, you can find details here: https://t.co/OatD0xQcf1";0;"";"";"";""
37558;980390360311529472;"DublinAirport";"2018-04-01 11:24:11";"2018-04-02 18:44:06";"<a href=""http://www.hootsuite.com"" rel=""nofollow"">Hootsuite</a>";1;"@csrice01 @DublinAirportT2 Hi there, our car parks team will be happy to assist with your query. You can contact by… https://t.co/bxDrpzxg7c";0;"";"";"";""
37559;980366729527390208;"DublinAirport";"2018-04-01 09:50:17";"2018-04-02 18:44:06";"<a href=""http://www.hootsuite.com"" rel=""nofollow"">Hootsuite</a>";1;"Wishing all our passengers, customers and followers a very Happy Easter. #Easter https://t.co/ukBkjwxoP2";1;"photo";"http://pbs.twimg.com/ext_tw_video_thumb/980365461136314368/pu/img/Tj8L3hWleIo4sCIW.jpg";"https://pbs.twimg.com/ext_tw_video_thumb/980365461136314368/pu/img/Tj8L3hWleIo4sCIW.jpg";"https://t.co/ukBkjwxoP2"
37560;980237315602833408;"DublinAirport";"2018-04-01 01:16:02";"2018-04-02 18:44:06";"<a href=""http://www.hootsuite.com"" rel=""nofollow"">Hootsuite</a>";1;"@neilirvine We sure do: https://t.co/WiM8DSBMW3";0;"";"";"";""
37561;980163656804651008;"DublinAirport";"2018-03-31 20:23:20";"2018-04-02 18:44:06";"<a href=""http://www.hootsuite.com"" rel=""nofollow"">Hootsuite</a>";1;"@Tinabinana No, sorry Tina";0;"";"";"";""
37562;980148208440627200;"DublinAirport";"2018-03-31 19:21:57";"2018-04-02 18:44:06";"<a href=""http://www.hootsuite.com"" rel=""nofollow"">Hootsuite</a>";1;"@Take2Sean We’re very sorry to hear that Sean. Our colleagues in INIS (https://t.co/zlhOjUEMm2) which operates immi… https://t.co/oXePyMXCp4";0;"";"";"";""
37563;980147962046304257;"DublinAirport";"2018-03-31 19:20:59";"2018-04-02 18:44:06";"<a href=""http://www.hootsuite.com"" rel=""nofollow"">Hootsuite</a>";1;"@mooreseang Sorry to hear that Sean. We’ll pass on that feedback to INIS (https://t.co/zlhOjUEMm2) which operates i… https://t.co/nb0HB9Nngu";0;"";"";"";""
37564;980147659255271429;"DublinAirport";"2018-03-31 19:19:46";"2018-04-02 18:44:06";"<a href=""http://www.hootsuite.com"" rel=""nofollow"">Hootsuite</a>";1;"@WhatTheBearSays @British_Airways Hi, your airline is responsible for baggage handling and best placed to assist with your query.";0;"";"";"";""
37565;980040200217858049;"DublinAirport";"2018-03-31 12:12:46";"2018-04-02 18:44:06";"<a href=""http://twitter.com/download/iphone"" rel=""nofollow"">Twitter for iPhone</a>";1;"RT @jamesjphelan: @DublinAirport @Ryanair Thank you so much! I never win anything, and I'm really excited to go. What a great way to start…";0;"";"";"";""
37566;980032874677141504;"DublinAirport";"2018-03-31 11:43:40";"2018-04-02 18:44:06";"<a href=""http://www.hootsuite.com"" rel=""nofollow"">Hootsuite</a>";1;"Congratulations to @jamesjphelan who has won flights for 2 to Marrakesh with @Ryanair. Thanks to all who entered. #DUBMarrakesh";0;"";"";"";""
37567;979801603439030273;"DublinAirport";"2018-03-30 20:24:40";"2018-04-02 18:44:06";"<a href=""http://www.hootsuite.com"" rel=""nofollow"">Hootsuite</a>";1;"@Katayq Hi, we are very sorry to hear this. Could you email the details to customerexperience@daa.ie and a customer… https://t.co/MfwCfhn7pn";0;"";"";"";""
37568;979800675445100545;"DublinAirport";"2018-03-30 20:20:59";"2018-04-02 18:44:06";"<a href=""http://www.hootsuite.com"" rel=""nofollow"">Hootsuite</a>";1;"@sweeney_rach Hi there, you can find our lost property office details here https://t.co/FHsY6VUf9y";0;"";"";"";""
37569;979800590720086018;"DublinAirport";"2018-03-30 20:20:39";"2018-04-02 18:44:06";"<a href=""http://www.hootsuite.com"" rel=""nofollow"">Hootsuite</a>";1;"@kimeb Hi there, you can find our lost property office details here https://t.co/FHsY6VUf9y";0;"";"";"";""
37570;979763981480087552;"DublinAirport";"2018-03-30 17:55:10";"2018-04-02 18:44:06";"<a href=""http://www.hootsuite.com"" rel=""nofollow"">Hootsuite</a>";1;"There's still time to follow & retweet for a chance to win flights for 2 to Marrakesh in Morocco. We'll announce th… https://t.co/VYxVevK2nE";0;"";"";"";""
37571;980862984367976448;"HeathrowAirport";"2018-04-02 18:42:13";"2018-04-02 18:44:06";"<a href=""http://adobe.com"" rel=""nofollow"">Adobe® Social</a>";1;"@Talamhgirl Hello Jacquelin, we are sorry to hear this. Could you send us a DM with further information?";0;"";"";"";""
37572;980858225741320192;"HeathrowAirport";"2018-04-02 18:23:19";"2018-04-02 18:44:06";"<a href=""http://adobe.com"" rel=""nofollow"">Adobe® Social</a>";1;"@huwmjames Hello, thank you for choosing Heathrow. Let us know if there is anything we can assist you with ?";0;"";"";"";""
37573;980851320922886145;"HeathrowAirport";"2018-04-02 17:55:52";"2018-04-02 18:44:06";"<a href=""http://adobe.com"" rel=""nofollow"">Adobe® Social</a>";1;"@Ahmad_Alashri Thank you for your kind words. We will be looking forward to having you join us again soon!! ??";0;"";"";"";""
37574;980851039308886016;"HeathrowAirport";"2018-04-02 17:54:45";"2018-04-02 18:44:06";"<a href=""http://adobe.com"" rel=""nofollow"">Adobe® Social</a>";1;"@TristanPuddick Hello Tristan, thank you for sharing these cute pictures with us!! ??";0;"";"";"";""
37575;980848494196883456;"HeathrowAirport";"2018-04-02 17:44:38";"2018-04-02 18:44:06";"<a href=""http://adobe.com"" rel=""nofollow"">Adobe® Social</a>";1;"@interchris Hello Christian. thank you for your message. Unfortunately there isn't a way to change this. The gate d… https://t.co/Gkz9JrGgUf";0;"";"";"";""
37576;980847162853490688;"HeathrowAirport";"2018-04-02 17:39:21";"2018-04-02 18:44:06";"<a href=""http://adobe.com"" rel=""nofollow"">Adobe® Social</a>";1;"@Ahmad_Alashri Hello Ahmad, thank you for choosing Heathrow. We hope you have a great flight to Dubai!! ?";0;"";"";"";""
37577;980847040518213632;"HeathrowAirport";"2018-04-02 17:38:52";"2018-04-02 18:44:06";"<a href=""http://adobe.com"" rel=""nofollow"">Adobe® Social</a>";1;"@Saleh_AlTuhami Hello Saleh, thank you for choosing Heathrow. Let us know if there is anything we can assist you with ?";0;"";"";"";""
37578;980845952620572672;"HeathrowAirport";"2018-04-02 17:34:32";"2018-04-02 18:44:06";"<a href=""http://adobe.com"" rel=""nofollow"">Adobe® Social</a>";1;"@roxieree Hello Roxie, thank you for choosing Heathrow. Where are you flying to today?";0;"";"";"";""
37579;980845813340413953;"HeathrowAirport";"2018-04-02 17:33:59";"2018-04-02 18:44:06";"<a href=""http://adobe.com"" rel=""nofollow"">Adobe® Social</a>";1;"@plasticfreesw13 Thank you for your kind words ??. We hope you enjoy them!!";0;"";"";"";""
37580;980843742050451456;"HeathrowAirport";"2018-04-02 17:25:45";"2018-04-02 18:44:06";"<a href=""http://adobe.com"" rel=""nofollow"">Adobe® Social</a>";1;"@MuddyChampagne Hello Kelly, we apologise for the inconvenience caused. Could you send us a DM with further details please? thank you";0;"";"";"";""
37581;980841715438243840;"HeathrowAirport";"2018-04-02 17:17:42";"2018-04-02 18:44:06";"<a href=""http://adobe.com"" rel=""nofollow"">Adobe® Social</a>";1;"@chelsjh Hello Chels, welcome to Heathrow. We bet you're glad that's all over!! ?";0;"";"";"";""
37582;980840060084928520;"HeathrowAirport";"2018-04-02 17:11:08";"2018-04-02 18:44:06";"<a href=""http://adobe.com"" rel=""nofollow"">Adobe® Social</a>";1;"@interchris Hello Christina, thank you for choosing Heathrow. Let us know if there is anything we can assist you with ?";0;"";"";"";""
37583;980835605385891840;"HeathrowAirport";"2018-04-02 16:53:26";"2018-04-02 18:44:06";"<a href=""http://adobe.com"" rel=""nofollow"">Adobe® Social</a>";1;"@stelk4 Hello, we apologise for the inconvenience. Could you send us a DM with more information please?";0;"";"";"";""
37584;980833695538954240;"HeathrowAirport";"2018-04-02 16:45:50";"2018-04-02 18:44:06";"<a href=""http://adobe.com"" rel=""nofollow"">Adobe® Social</a>";1;"@jnanalbloushi Until next time!! thank you for choosing Heathrow. We hope you have a great flight!! ?";0;"";"";"";""
37585;980832923032068096;"HeathrowAirport";"2018-04-02 16:42:46";"2018-04-02 18:44:06";"<a href=""http://adobe.com"" rel=""nofollow"">Adobe® Social</a>";1;"@Oa_62x Hello, thank you for choosing Heathrow. Let us know if there is anything we can assist you with ?";0;"";"";"";""
37586;980821048164696065;"HeathrowAirport";"2018-04-02 15:55:35";"2018-04-02 18:44:06";"<a href=""http://adobe.com"" rel=""nofollow"">Adobe® Social</a>";1;"@Physiomac Hello Andy, we are sorry to hear about your experience. Could you send us a DM with further details please?";0;"";"";"";""
37587;980820067347648512;"HeathrowAirport";"2018-04-02 15:51:41";"2018-04-02 18:44:06";"<a href=""http://adobe.com"" rel=""nofollow"">Adobe® Social</a>";1;"@RicardoPavarott Hello Rich, thank you for choosing Heathrow. Where are you flying to today?";0;"";"";"";""
37588;980814408254332928;"HeathrowAirport";"2018-04-02 15:29:12";"2018-04-02 18:44:06";"<a href=""http://adobe.com"" rel=""nofollow"">Adobe® Social</a>";1;"@adityanidmarti Hello Aditya, we are sorry to hear of your experience. Could you send us a DM with further information please? thank you";0;"";"";"";""
37589;980809486385348608;"HeathrowAirport";"2018-04-02 15:09:38";"2018-04-02 18:44:06";"<a href=""http://adobe.com"" rel=""nofollow"">Adobe® Social</a>";1;"@rc_yk1 Hello, thank you for choosing Heathrow. Let us know if there is anything we can assist you with ?";0;"";"";"";""
37590;980808020551610368;"HeathrowAirport";"2018-04-02 15:03:49";"2018-04-02 18:44:06";"<a href=""http://adobe.com"" rel=""nofollow"">Adobe® Social</a>";1;"@fionadancer Hello, thank you for choosing Heathrow. Let us know if there is anything we can assist you with ?";0;"";"";"";""
37591;980850966407909377;"STN_Airport";"2018-04-02 17:54:28";"2018-04-02 18:44:06";"<a href=""http://sproutsocial.com"" rel=""nofollow"">Sprout Social</a>";1;"@seancarney79 @Ryanair We - Social Media Team - are unable to assist you with your enquiry & can only advise trying… https://t.co/L4IGo84pEZ";0;"";"";"";""
37592;980849620401250304;"STN_Airport";"2018-04-02 17:49:07";"2018-04-02 18:44:06";"<a href=""http://sproutsocial.com"" rel=""nofollow"">Sprout Social</a>";1;"@MissClaireDoors Hi Chiara, this part of the operation is managed independently by your airline/ its handling agent… https://t.co/p3sYgHyB7l";0;"";"";"";""
37593;980849117307031552;"STN_Airport";"2018-04-02 17:47:07";"2018-04-02 18:44:06";"<a href=""http://sproutsocial.com"" rel=""nofollow"">Sprout Social</a>";1;"@imlmummy Apologies for missing your earlier tweet. Did you pass through Security swiftly today? Thank you.";0;"";"";"";""
37594;980848447980015620;"STN_Airport";"2018-04-02 17:44:27";"2018-04-02 18:44:06";"<a href=""http://sproutsocial.com"" rel=""nofollow"">Sprout Social</a>";1;"@karentynan1 @Ryanair Thank you, Karen! It makes us so happy to hear you had a great experience and we hope to see… https://t.co/wsbcl6GuKZ";0;"";"";"";""
37595;980848049898643456;"STN_Airport";"2018-04-02 17:42:53";"2018-04-02 18:44:06";"<a href=""http://sproutsocial.com"" rel=""nofollow"">Sprout Social</a>";1;"@Antoine71284847 @GThorston Hi! A national identity card is a card that citizens or residents in a country are issu… https://t.co/4GHc4fPTYS";0;"";"";"";""
37596;980847290209497088;"STN_Airport";"2018-04-02 17:39:51";"2018-04-02 18:44:06";"<a href=""http://sproutsocial.com"" rel=""nofollow"">Sprout Social</a>";1;"@GThorston Hi! If you have a biometric ‘chipped’ passport, you can use the automated ePassport gates instead of hav… https://t.co/JVPIAl56Wg";0;"";"";"";""
37597;980845955103772677;"STN_Airport";"2018-04-02 17:34:33";"2018-04-02 18:44:06";"<a href=""http://sproutsocial.com"" rel=""nofollow"">Sprout Social</a>";1;"@_helenloves @jet2tweets We're pleased to hear you had a great experience, Helen! Please be sure we'll pass this on to their team.";0;"";"";"";""
37598;980845723196493825;"STN_Airport";"2018-04-02 17:33:38";"2018-04-02 18:44:06";"<a href=""http://sproutsocial.com"" rel=""nofollow"">Sprout Social</a>";1;"@maireadnicheall Hi Mairéad. You can DM us the full details or send them via https://t.co/qxr0ohnNRn. Thank you. https://t.co/UcdRyyNqVI";0;"";"";"";""
37599;980844708304969731;"STN_Airport";"2018-04-02 17:29:36";"2018-04-02 18:44:06";"<a href=""http://sproutsocial.com"" rel=""nofollow"">Sprout Social</a>";1;"@Mats_Tr Hi Mats. Given the severity of the incident & our health and safety obligations to passengers, such decisi… https://t.co/p2v8EjXU3Q";0;"";"";"";""
37600;980844206238429184;"STN_Airport";"2018-04-02 17:27:36";"2018-04-02 18:44:06";"<a href=""http://sproutsocial.com"" rel=""nofollow"">Sprout Social</a>";1;"@DavidTh71852802 Hi David. Could you kindly DM us with more information and clarify what you're referring to? Thank… https://t.co/QCgpkGvdBI";0;"";"";"";""
37601;980842774487592960;"STN_Airport";"2018-04-02 17:21:55";"2018-04-02 18:44:06";"<a href=""http://sproutsocial.com"" rel=""nofollow"">Sprout Social</a>";1;"@seancarney79 @Ryanair Due to the high number of calls following Friday's disruptions caused by the shuttle bus fir… https://t.co/F4j9877aBX";0;"";"";"";""
37602;980841153363894272;"STN_Airport";"2018-04-02 17:15:28";"2018-04-02 18:44:06";"<a href=""http://sproutsocial.com"" rel=""nofollow"">Sprout Social</a>";1;"@joaoasilva We’re sorry to hear your journey was affected by Friday’s incident involving a shuttle bus fire outside… https://t.co/EtYFMSrgTW";0;"";"";"";""
37603;980838917372043265;"STN_Airport";"2018-04-02 17:06:35";"2018-04-02 18:44:06";"<a href=""http://sproutsocial.com"" rel=""nofollow"">Sprout Social</a>";1;"@seancarney79 @Ryanair Hi Sean. We’re very sorry to hear your journey was affected by Friday’s incident. Please con… https://t.co/OE0nG0qVhU";0;"";"";"";""
37604;980834489923526656;"STN_Airport";"2018-04-02 16:49:00";"2018-04-02 18:44:06";"<a href=""http://sproutsocial.com"" rel=""nofollow"">Sprout Social</a>";1;"@Lucky_Savo @Ryanair Thanks for tweeting! We’re pleased to hear that you had a good experience with us. ?";0;"";"";"";""
37605;980833651456905217;"STN_Airport";"2018-04-02 16:45:40";"2018-04-02 18:44:06";"<a href=""http://sproutsocial.com"" rel=""nofollow"">Sprout Social</a>";1;"@jmenzel Thank you for your positive feedback, Johannes. Please be sure we'll share it with our teams.";0;"";"";"";""
37606;980833534645432321;"STN_Airport";"2018-04-02 16:45:12";"2018-04-02 18:44:06";"<a href=""http://sproutsocial.com"" rel=""nofollow"">Sprout Social</a>";1;"@olivankenobiuk @Ryanair Sentimos mucho que tu viaje se haya visto afectado por el incidente del viernes y comprend… https://t.co/HSsX6K62Wo";0;"";"";"";""
37607;980832022095687680;"STN_Airport";"2018-04-02 16:39:11";"2018-04-02 18:44:06";"<a href=""http://sproutsocial.com"" rel=""nofollow"">Sprout Social</a>";1;"@shooperwoman weekend. Furthermore, passengers seeking compensation regarding airline tickets and hotel accommodati… https://t.co/ODrGxIcxti";0;"";"";"";""
37608;980831962528190465;"STN_Airport";"2018-04-02 16:38:57";"2018-04-02 18:44:06";"<a href=""http://sproutsocial.com"" rel=""nofollow"">Sprout Social</a>";1;"@shooperwoman Hi Sarah. Given the severity of the incident & our health and safety obligations to passengers, such… https://t.co/44cCH8FEeG";0;"";"";"";""
37609;980829350969868291;"STN_Airport";"2018-04-02 16:28:34";"2018-04-02 18:44:06";"<a href=""http://sproutsocial.com"" rel=""nofollow"">Sprout Social</a>";1;"@JennyHenderson0 Our apologies, Jenny. Due to a very high volume of messages received on Friday and during the week… https://t.co/vwjqu821of";0;"";"";"";""
37610;980826556548427776;"STN_Airport";"2018-04-02 16:17:28";"2018-04-02 18:44:06";"<a href=""http://twitter.com"" rel=""nofollow"">Twitter Web Client</a>";1;"@AndrewRyan_  https://t.co/twQmwVjYZu";1;"photo";"http://pbs.twimg.com/tweet_video_thumb/DZyYgsaXUAIOAqF.jpg";"https://pbs.twimg.com/tweet_video_thumb/DZyYgsaXUAIOAqF.jpg";"https://t.co/twQmwVjYZu"
37611;980855522487341057;"Gatwick_Airport";"2018-04-02 18:12:34";"2018-04-02 18:44:06";"<a href=""http://www.radian6.com"" rel=""nofollow"">Radian6 -Social Media Management</a>";1;"@markyc1977a It is quite a beast, isn't it? Glad you got to see it! - Zofia";0;"";"";"";""
37612;980854594048856064;"Gatwick_Airport";"2018-04-02 18:08:53";"2018-04-02 18:44:06";"<a href=""http://www.radian6.com"" rel=""nofollow"">Radian6 -Social Media Management</a>";1;"@Harveyb911 Hi Harvey, while we don't have a special viewing area, many of the restaurants and lounges in the depar… https://t.co/6Fgsmsl8TC";0;"";"";"";""
37613;980834844207919104;"Gatwick_Airport";"2018-04-02 16:50:24";"2018-04-02 18:44:06";"<a href=""http://www.radian6.com"" rel=""nofollow"">Radian6 -Social Media Management</a>";1;"@Matomato203 Hi Matthew, please get in touch with us via this link and we will look into it:  https://t.co/kBzPjcvSTz - Zofia";0;"";"";"";""
37614;980834432130142213;"Gatwick_Airport";"2018-04-02 16:48:46";"2018-04-02 18:44:06";"<a href=""http://www.radian6.com"" rel=""nofollow"">Radian6 -Social Media Management</a>";1;"@JulietGoodchild Sorry to see this Juliet. Please get in touch with @easyJet about this, as they are responsible fo… https://t.co/LXSEgiC0zk";0;"";"";"";""
37615;980830919585132545;"Gatwick_Airport";"2018-04-02 16:34:48";"2018-04-02 18:44:06";"<a href=""http://www.radian6.com"" rel=""nofollow"">Radian6 -Social Media Management</a>";1;"@lauren44636550 Hi Lauren, we suggest you allow 1.5 hours before your flight, but do also check to see what your airline recommends. - Zofia";0;"";"";"";""
37616;980814226074882048;"Gatwick_Airport";"2018-04-02 15:28:28";"2018-04-02 18:44:06";"<a href=""http://www.radian6.com"" rel=""nofollow"">Radian6 -Social Media Management</a>";1;"@hel25071 Congratulations, Helen, and have a wonderful honeymoon! - Zofia";0;"";"";"";""
37617;980810440585433090;"Gatwick_Airport";"2018-04-02 15:13:26";"2018-04-02 18:44:06";"<a href=""http://www.radian6.com"" rel=""nofollow"">Radian6 -Social Media Management</a>";1;"@Jamesmeredith Hi James, we will look into this and someone will get back to you. - Zofia";0;"";"";"";""
37618;980808308629090304;"Gatwick_Airport";"2018-04-02 15:04:57";"2018-04-02 18:44:06";"<a href=""http://www.radian6.com"" rel=""nofollow"">Radian6 -Social Media Management</a>";1;"@73jonstevens You're most welcome, and wishing them the best of luck! - Zofia";0;"";"";"";""
37619;980788110735937536;"Gatwick_Airport";"2018-04-02 13:44:42";"2018-04-02 18:44:06";"<a href=""http://www.radian6.com"" rel=""nofollow"">Radian6 -Social Media Management</a>";1;"@iain998s Hi Iain. You should always book assistance in advance through your airline or travel agent, if you need h… https://t.co/fezuKeynkf";0;"";"";"";""
37620;980786616393445377;"Gatwick_Airport";"2018-04-02 13:38:46";"2018-04-02 18:44:06";"<a href=""http://www.radian6.com"" rel=""nofollow"">Radian6 -Social Media Management</a>";1;"@sophiestarstrck Hi Sophie. sorry to hear the little bear is lost. All items found at the airport are handed into t… https://t.co/idcEOMB9n2";0;"";"";"";""
37621;980785929404276737;"Gatwick_Airport";"2018-04-02 13:36:02";"2018-04-02 18:44:06";"<a href=""http://www.radian6.com"" rel=""nofollow"">Radian6 -Social Media Management</a>";1;"@zawarmas Hi Zawar, sorry to hear you had difficulty finding the time. We will share your feedback with the South t… https://t.co/KZJgNDQzn7";0;"";"";"";""
37622;980741103929430016;"Gatwick_Airport";"2018-04-02 10:37:55";"2018-04-02 18:44:06";"<a href=""http://www.radian6.com"" rel=""nofollow"">Radian6 -Social Media Management</a>";1;"@73jonstevens Where are they heading off to, Jon? - Zofia";0;"";"";"";""
37623;980719399224205312;"Gatwick_Airport";"2018-04-02 09:11:40";"2018-04-02 18:44:06";"<a href=""http://www.radian6.com"" rel=""nofollow"">Radian6 -Social Media Management</a>";1;"@SuperStu77 We replied to your DM, Stuart. We're still looking into this for you. Thanks for your patience. - Jan";0;"";"";"";""
37624;980718737509769216;"Gatwick_Airport";"2018-04-02 09:09:02";"2018-04-02 18:44:06";"<a href=""http://www.radian6.com"" rel=""nofollow"">Radian6 -Social Media Management</a>";1;"@TinkerbelLaFrou Hello again, please bring your proof of payment if you can and you can ring on +44 844 811 8311. H… https://t.co/tM33WwideF";0;"";"";"";""
37625;980717929800065025;"Gatwick_Airport";"2018-04-02 09:05:49";"2018-04-02 18:44:06";"<a href=""http://www.radian6.com"" rel=""nofollow"">Radian6 -Social Media Management</a>";1;"@73jonstevens Good luck, guys! - Jan";0;"";"";"";""
37626;980700220718710784;"Gatwick_Airport";"2018-04-02 07:55:27";"2018-04-02 18:44:06";"<a href=""http://www.radian6.com"" rel=""nofollow"">Radian6 -Social Media Management</a>";1;"@TinkerbelLaFrou Hi there. Please ring us on 0844 811 8311 so we can take a look. Thanks, - Nicole";0;"";"";"";""
37627;980697039393746949;"Gatwick_Airport";"2018-04-02 07:42:49";"2018-04-02 18:44:06";"<a href=""http://www.radian6.com"" rel=""nofollow"">Radian6 -Social Media Management</a>";1;"@StuartHulme I'm sorry to hear that, Stuart. Would you take a moment to fill out our feedback form, so we can pass… https://t.co/UxPND8oS22";0;"";"";"";""
37628;980694697961316352;"Gatwick_Airport";"2018-04-02 07:33:31";"2018-04-02 18:44:06";"<a href=""http://www.radian6.com"" rel=""nofollow"">Radian6 -Social Media Management</a>";1;"@LeoMartorana We're sorry for the delay., Leo. We'll pass your feedback along to Border Forcer. Thanks, - Nicole";0;"";"";"";""
37629;980694155499319296;"Gatwick_Airport";"2018-04-02 07:31:21";"2018-04-02 18:44:06";"<a href=""http://www.radian6.com"" rel=""nofollow"">Radian6 -Social Media Management</a>";1;"@TinkerbelLaFrou HI there. Have you checked your spam folder? Sometimes they like to hide there. - Nicole";0;"";"";"";""
37630;980677316861923328;"Gatwick_Airport";"2018-04-02 06:24:27";"2018-04-02 18:44:06";"<a href=""http://twitter.com"" rel=""nofollow"">Twitter Web Client</a>";1;"Morning! We’re up bright and early for another day of flights. We're here to help so tweet us with your airport questions.";0;"";"";"";""
37631;980823691767492608;"LBIAirport";"2018-04-02 16:06:05";"2018-04-02 18:44:06";"<a href=""http://twitter.com/download/iphone"" rel=""nofollow"">Twitter for iPhone</a>";1;"@JMGrimbaldeston Hi, thank you for your https://t.co/oLSzXaZsGi we said earlier safety is paramount to LBA.Our new… https://t.co/MRnI57PFpR";0;"";"";"";""
37632;980815065627725824;"LBIAirport";"2018-04-02 15:31:48";"2018-04-02 18:44:06";"<a href=""http://twitter.com/download/iphone"" rel=""nofollow"">Twitter for iPhone</a>";1;"@shelllanc Hi Michelle, our airline partners are working hard to get all of the scheduled flights airborne asap. Be… https://t.co/cZiJGvKtOm";0;"";"";"";""
37633;980814725209640960;"LBIAirport";"2018-04-02 15:30:27";"2018-04-02 18:44:06";"<a href=""http://twitter.com/download/iphone"" rel=""nofollow"">Twitter for iPhone</a>";1;"@JMGrimbaldeston Hi John, we apologise again for any inconvenience caused by the weather. As we said safety is para… https://t.co/i6KDfnMpyz";0;"";"";"";""
37634;980812312914415617;"LBIAirport";"2018-04-02 15:20:52";"2018-04-02 18:44:06";"<a href=""http://twitter.com/download/iphone"" rel=""nofollow"">Twitter for iPhone</a>";1;"@JMGrimbaldeston Hi John, the safety of our passengers & staff is paramount to LBA.The airfield is only closed when… https://t.co/84yvoYY7rt";0;"";"";"";""
37635;980810950872850435;"LBIAirport";"2018-04-02 15:15:27";"2018-04-02 18:44:06";"<a href=""http://twitter.com/download/iphone"" rel=""nofollow"">Twitter for iPhone</a>";1;"@JMGrimbaldeston Hi John, we apologise for any inconvenience caused by the weather.We have recently invested in new… https://t.co/coLk92m3Yx";0;"";"";"";""
37636;980809463744561157;"LBIAirport";"2018-04-02 15:09:33";"2018-04-02 18:44:06";"<a href=""http://twitter.com/download/iphone"" rel=""nofollow"">Twitter for iPhone</a>";1;"@RichardADixon Hi Richard, for the most uptodate inform regarding your flight you will need to contact your airline… https://t.co/EWMvU1IOcq";0;"";"";"";""
37637;980778808621060096;"LBIAirport";"2018-04-02 13:07:44";"2018-04-02 18:44:06";"<a href=""http://twitter.com/download/iphone"" rel=""nofollow"">Twitter for iPhone</a>";1;"Our runway is open ✈️ Check with your airline for up to date flight info";0;"";"";"";""
37638;980777876327890944;"LBIAirport";"2018-04-02 13:04:02";"2018-04-02 18:44:06";"<a href=""http://twitter.com/download/iphone"" rel=""nofollow"">Twitter for iPhone</a>";1;"@ms__shelly_j Hi Shelly, we apologise for any inconvenience caused by the adverse weather today. Our teams and airl… https://t.co/AEs7vBdGE8";0;"";"";"";""
37639;980773730543599616;"LBIAirport";"2018-04-02 12:47:33";"2018-04-02 18:44:06";"<a href=""http://twitter.com/download/iphone"" rel=""nofollow"">Twitter for iPhone</a>";1;"@GordonRodger1 Hi Gordon, our teams are working hard to combat the adverse weather. Unfortunately the weathe is dis… https://t.co/kQoKKhv765";0;"";"";"";""
37640;980771703012970496;"LBIAirport";"2018-04-02 12:39:30";"2018-04-02 18:44:06";"<a href=""http://twitter.com/download/iphone"" rel=""nofollow"">Twitter for iPhone</a>";1;"@jayjones124 @pugly12 Hi Jen, we're really sorry for any inconvenience caused due to the weather today. If you chec… https://t.co/7uGGo891aS";0;"";"";"";""
37641;980771213294358535;"LBIAirport";"2018-04-02 12:37:33";"2018-04-02 18:44:06";"<a href=""http://twitter.com/download/iphone"" rel=""nofollow"">Twitter for iPhone</a>";1;"@jackcawood Hi Jack, apologies. We've been getting a lot of tweets are we're trying to respond to all of them. hold… https://t.co/xNhCzN7y3y";0;"";"";"";""
37642;980765536782114816;"LBIAirport";"2018-04-02 12:15:00";"2018-04-02 18:44:06";"<a href=""http://twitter.com/download/iphone"" rel=""nofollow"">Twitter for iPhone</a>";1;"@JPMorrison1987 Hi James, if your flight is delayed because of the weather our teams will be aware. There will be i… https://t.co/ACPnZBD5xC";0;"";"";"";""
37643;980763977050415106;"LBIAirport";"2018-04-02 12:08:48";"2018-04-02 18:44:06";"<a href=""http://twitter.com/download/iphone"" rel=""nofollow"">Twitter for iPhone</a>";1;"@bangerfingers Hi there, the number for our infordesk can be found on the website. However, because of the weather… https://t.co/0T3TtXcw8V";0;"";"";"";""
37644;980762635275833345;"LBIAirport";"2018-04-02 12:03:28";"2018-04-02 18:44:06";"<a href=""http://twitter.com/download/iphone"" rel=""nofollow"">Twitter for iPhone</a>";1;"@bangerfingers Hi there, can you email parking@lba.co.uk and DM the details about where it was left etc and I will… https://t.co/SJE5dPRfI8";0;"";"";"";""
37645;980761821241073664;"LBIAirport";"2018-04-02 12:00:14";"2018-04-02 18:44:06";"<a href=""http://twitter.com/download/iphone"" rel=""nofollow"">Twitter for iPhone</a>";1;"@bangerfingers Hi there, you will need to call your airlines ground handling agent at LBA. Jet2 manage all their ow… https://t.co/HiexEyAM7j";0;"";"";"";""
37646;980757362985390080;"LBIAirport";"2018-04-02 11:42:31";"2018-04-02 18:44:06";"<a href=""http://twitter.com/download/iphone"" rel=""nofollow"">Twitter for iPhone</a>";1;"@JPMorrison1987 Hi James, we're sorry for any inconvenience caused. Unfortunately it wasn't safe for the plane to l… https://t.co/Ds5fiEn996";0;"";"";"";""
37647;980755978114215936;"LBIAirport";"2018-04-02 11:37:01";"2018-04-02 18:44:06";"<a href=""http://twitter.com/download/iphone"" rel=""nofollow"">Twitter for iPhone</a>";1;"The weather is causing slight disruption to the flight schedule. We recommend passengers check the latest flight info with their airline.";0;"";"";"";""
37648;980752102023663616;"LBIAirport";"2018-04-02 11:21:37";"2018-04-02 18:44:06";"<a href=""http://twitter.com/download/iphone"" rel=""nofollow"">Twitter for iPhone</a>";1;"@swapsoneji Hi there, we reccomend you contact your airline for the most uptodate flight info :)";0;"";"";"";""
37649;980725875237900288;"LBIAirport";"2018-04-02 09:37:24";"2018-04-02 18:44:06";"<a href=""http://twitter.com/download/iphone"" rel=""nofollow"">Twitter for iPhone</a>";1;"@DamoclesBDA Hi There, as they have a liquid centre you'll need to pop them in your liquids bag. You can purchase t… https://t.co/ZdTGYnkmPx";0;"";"";"";""
37650;980724952763682816;"LBIAirport";"2018-04-02 09:33:44";"2018-04-02 18:44:06";"<a href=""http://www.leedsbradfordairport.co.uk/"" rel=""nofollow"">Flight Information</a>";1;"@PercussiveFix please make sure you are following us to receive flight updates via direct messages!";0;"";"";"";""
37651;980863799614881793;"HeathrowAirport";"2018-04-02 18:45:28";"2018-04-02 18:46:01";"<a href=""http://adobe.com"" rel=""nofollow"">Adobe® Social</a>";1;"@princegaurav Hello Gaurav, thank you for choosing Heathrow. Let us know if there is anything we can assist you with ?";0;"";"";"";""
